{"cameraMode":{"drawMode":0,"name":"Shaded","section":"Shading Mode"},"sceneLighting":true,"audioPlay":false,"sceneViewState":{"showFog":false,"showMaterialUpdate":false,"showSkybox":false,"showFlares":false,"showImageEffects":false,"showParticleSystems":false},"in2DMode":false,"pivot":{"x":327.52020263671877,"y":345.74029541015627,"z":-15.624755859375},"rotation":{"x":-0.015309016220271588,"y":0.002097382443025708,"z":-0.00003239249417674728,"w":-0.9998829364776611},"size":907.1270141601563,"orthographic":false}