{"cameraMode":{"drawMode":0,"name":"Shaded","section":"Shading Mode"},"sceneLighting":true,"audioPlay":false,"sceneViewState":{"showFog":false,"showMaterialUpdate":false,"showSkybox":false,"showFlares":false,"showImageEffects":false,"showParticleSystems":false},"in2DMode":false,"pivot":{"x":2685.13330078125,"y":369.0702819824219,"z":-8.61767578125},"rotation":{"x":-0.06027299910783768,"y":0.0020934902131557466,"z":-0.00012641576176974922,"w":-0.9981805086135864},"size":461.4930725097656,"orthographic":false}