{"cameraMode":{"drawMode":0,"name":"Shaded","section":"Shading Mode"},"sceneLighting":true,"audioPlay":false,"sceneViewState":{"showFog":false,"showMaterialUpdate":false,"showSkybox":false,"showFlares":false,"showImageEffects":false,"showParticleSystems":false},"in2DMode":false,"pivot":{"x":563.59423828125,"y":364.828857421875,"z":-18.0313720703125},"rotation":{"x":-0.06027299910783768,"y":0.0020934902131557466,"z":-0.00012641576176974922,"w":-0.9981805086135864},"size":1144.62841796875,"orthographic":false}